frame_nr;sampler_time;layer_id;layer_size;encoding_time;encoded_size;send_timestamp;full_size
0;6;0;1325655;15;147695;1696323327728;0
0;6;1;552360;9;68046;1696323327728;0
0;6;2;331455;7;43528;1696323327728;0
5;6;0;1296720;16;152983;1696323327926;0
5;6;1;540300;6;70627;1696323327926;0
5;6;2;324210;6;45247;1696323327926;0
10;8;0;1374465;22;190005;1696323328103;0
10;8;1;572700;14;88753;1696323328103;0
10;8;2;343650;6;56274;1696323328103;0
15;10;0;1311660;20;217778;1696323328291;0
15;10;1;546525;6;101359;1696323328291;0
15;10;2;327960;8;64185;1696323328291;0
20;8;0;1242990;27;209451;1696323328501;0
20;8;1;517920;13;96816;1696323328501;0
20;8;2;310770;8;61730;1696323328501;0
25;13;0;1234680;21;203462;1696323328690;0
25;13;1;514455;9;94145;1696323328690;0
25;13;2;308700;8;59863;1696323328690;0
30;21;0;1037775;15;168143;1696323328860;0
30;21;1;432405;6;77834;1696323328860;0
30;21;2;259485;6;49389;1696323328860;0
35;9;0;996975;18;169763;1696323329027;0
35;9;1;415410;10;78761;1696323329027;0
35;9;2;249270;5;50203;1696323329027;0
40;13;0;975870;21;167333;1696323329231;0
40;13;1;406620;10;77213;1696323329231;0
40;13;2;244005;4;49184;1696323329231;0
45;3;0;971415;19;166903;1696323329401;0
45;3;1;404760;6;77466;1696323329401;0
45;3;2;242895;6;48504;1696323329401;0
50;12;0;966420;18;164204;1696323329546;0
50;12;1;402675;6;76108;1696323329546;0
50;12;2;241650;6;48431;1696323329546;0
55;9;0;977250;17;167046;1696323329723;0
55;9;1;407190;10;77144;1696323329723;0
55;9;2;244335;6;48990;1696323329723;0
60;3;0;969750;17;164781;1696323329871;0
60;3;1;404070;9;76275;1696323329871;0
60;3;2;242460;5;48574;1696323329871;0
65;21;0;968430;15;164759;1696323330040;0
65;21;1;403515;6;76916;1696323330040;0
65;21;2;242130;6;48693;1696323330040;0
70;4;0;965415;14;164413;1696323330197;0
70;4;1;402255;7;76022;1696323330197;0
70;4;2;241380;5;48403;1696323330197;0
75;3;0;970875;13;164829;1696323330314;0
75;3;1;404535;7;75959;1696323330314;0
75;3;2;242760;3;48926;1696323330314;0
80;18;0;966075;14;164686;1696323330436;0
80;18;1;402540;7;76247;1696323330436;0
80;18;2;241545;3;48372;1696323330436;0
85;5;0;965610;15;163527;1696323330544;0
85;5;1;402345;6;76112;1696323330544;0
85;5;2;241425;3;48526;1696323330544;0
90;15;0;968220;12;164403;1696323330647;0
90;15;1;403425;5;76121;1696323330647;0
90;15;2;242085;5;48965;1696323330647;0
95;25;0;966690;14;164132;1696323330759;0
95;25;1;402795;5;76043;1696323330759;0
95;25;2;241710;3;48053;1696323330759;0
100;5;0;968220;21;165695;1696323330886;0
100;5;1;403425;10;76089;1696323330886;0
100;5;2;242085;5;48699;1696323330886;0
105;3;0;966675;13;164715;1696323331031;0
105;3;1;402780;7;75825;1696323331031;0
105;3;2;241695;3;48307;1696323331031;0
110;3;0;963840;13;164155;1696323331140;0
110;3;1;401610;5;75842;1696323331140;0
110;3;2;240990;5;47865;1696323331140;0
115;3;0;969105;16;164358;1696323331256;0
115;3;1;403800;7;76223;1696323331256;0
115;3;2;242295;4;48965;1696323331256;0
120;6;0;963375;16;162790;1696323331383;0
120;6;1;401415;7;75192;1696323331383;0
120;6;2;240870;3;47975;1696323331383;0
125;6;0;965850;15;160898;1696323331494;0
125;6;1;402435;7;74961;1696323331494;0
125;6;2;241500;6;47620;1696323331494;0
130;6;0;1056810;14;155834;1696323331597;0
130;6;1;440340;5;72214;1696323331597;0
130;6;2;264225;6;46243;1696323331597;0
135;7;0;1259850;15;161856;1696323331708;0
135;7;1;524940;6;73767;1696323331708;0
135;7;2;315000;6;47608;1696323331708;0
140;12;0;1288425;14;154260;1696323331833;0
140;12;1;536850;5;71508;1696323331833;0
140;12;2;322140;6;45762;1696323331833;0
145;7;0;1289790;19;152886;1696323331969;0
145;7;1;537420;7;70784;1696323331969;0
145;7;2;322470;5;45680;1696323331969;0
150;7;0;1311195;19;156094;1696323332141;0
150;7;1;546330;8;72909;1696323332141;0
150;7;2;327825;6;45588;1696323332141;0
155;7;0;1321140;18;156802;1696323332310;0
155;7;1;550485;8;72893;1696323332310;0
155;7;2;330315;4;46299;1696323332310;0
160;6;0;1298160;18;171698;1696323332439;0
160;6;1;540900;6;79733;1696323332439;0
160;6;2;324585;5;50745;1696323332439;0
165;7;0;1209630;13;138290;1696323332587;0
165;7;1;504015;5;63683;1696323332587;0
165;7;2;302430;5;40621;1696323332587;0
170;6;0;983700;15;143673;1696323332689;0
170;6;1;409875;6;66510;1696323332689;0
170;6;2;245970;2;42293;1696323332689;0
175;6;0;958755;11;153792;1696323332790;0
175;6;1;399480;4;71425;1696323332790;0
175;6;2;239715;5;45151;1696323332790;0
180;5;0;957495;11;153985;1696323332896;0
180;5;1;398955;6;71212;1696323332896;0
180;5;2;239415;2;45705;1696323332896;0
185;5;0;954630;14;155270;1696323333004;0
185;5;1;397770;5;71706;1696323333004;0
185;5;2;238680;3;45656;1696323333004;0
190;4;0;949680;14;158730;1696323333113;0
190;4;1;395700;7;72869;1696323333113;0
190;4;2;237465;5;46751;1696323333113;0
195;3;0;951705;13;159646;1696323333220;0
195;3;1;396540;7;73692;1696323333220;0
195;3;2;237960;5;46662;1696323333220;0
200;6;0;954570;12;158967;1696323333347;0
200;6;1;397740;7;73093;1696323333347;0
200;6;2;238680;4;46653;1696323333347;0
205;6;0;955155;14;163168;1696323333462;0
205;6;1;397980;5;74921;1696323333462;0
205;6;2;238815;3;48075;1696323333462;0
210;4;0;954135;12;162761;1696323333587;0
210;4;1;397560;4;75352;1696323333587;0
210;4;2;238575;5;48087;1696323333587;0
215;3;0;953805;12;159999;1696323333691;0
215;3;1;397425;4;74129;1696323333691;0
215;3;2;238485;5;46752;1696323333691;0
220;2;0;957720;11;158197;1696323333802;0
220;2;1;399060;4;73017;1696323333802;0
220;2;2;239460;4;46632;1696323333802;0
225;6;0;969840;12;156841;1696323333910;0
225;6;1;404100;4;73023;1696323333910;0
225;6;2;242490;5;46339;1696323333910;0
230;4;0;981450;12;160636;1696323334017;0
230;4;1;408945;4;74015;1696323334017;0
230;4;2;245385;4;47138;1696323334017;0
235;5;0;989490;14;161460;1696323334118;0
235;5;1;412290;5;74974;1696323334118;0
235;5;2;247410;4;47905;1696323334118;0
240;6;0;999300;16;164217;1696323334224;0
240;6;1;416370;5;76795;1696323334224;0
240;6;2;249855;5;48798;1696323334224;0
245;6;0;1024020;17;167656;1696323334342;0
245;6;1;426675;7;78777;1696323334342;0
245;6;2;256050;5;50118;1696323334342;0
250;6;0;1048710;14;176351;1696323334450;0
250;6;1;436965;5;80607;1696323334450;0
250;6;2;262215;6;51628;1696323334450;0
255;5;0;1076895;16;184005;1696323334589;0
255;5;1;448710;6;85129;1696323334589;0
255;5;2;269250;5;54891;1696323334589;0
260;6;0;1093575;16;188590;1696323334717;0
260;6;1;455655;7;86940;1696323334717;0
260;6;2;273435;3;55866;1696323334717;0
265;5;0;1108620;15;190385;1696323334855;0
265;5;1;461925;5;87741;1696323334855;0
265;5;2;277200;6;56009;1696323334855;0
270;6;0;1116750;20;190853;1696323335003;0
270;6;1;465315;10;88558;1696323335003;0
270;6;2;279210;4;56303;1696323335003;0
275;7;0;1123080;15;192715;1696323335149;0
275;7;1;467955;7;89278;1696323335149;0
275;7;2;280800;3;56720;1696323335149;0
280;6;0;1122255;14;193253;1696323335292;0
280;6;1;467610;5;89819;1696323335292;0
280;6;2;280605;5;56921;1696323335292;0
285;5;0;1124715;15;192917;1696323335401;0
285;5;1;468630;7;89739;1696323335401;0
285;5;2;281205;3;57148;1696323335401;0
290;3;0;1124775;17;192614;1696323335507;0
290;3;1;468660;6;89463;1696323335507;0
290;3;2;281220;3;57064;1696323335507;0
295;3;0;1125360;14;193940;1696323335628;0
295;3;1;468900;5;89635;1696323335628;0
295;3;2;281385;6;57070;1696323335628;0
300;7;0;1126635;13;192969;1696323335791;0
300;7;1;469440;6;89737;1696323335791;0
300;7;2;281685;3;56733;1696323335791;0
305;7;0;1125900;15;192665;1696323335918;0
305;7;1;469125;7;89687;1696323335918;0
305;7;2;281520;3;57039;1696323335918;0
310;3;0;1125495;19;193511;1696323336107;0
310;3;1;468960;12;90210;1696323336107;0
310;3;2;281415;6;57359;1696323336107;0
315;4;0;1127205;16;193582;1696323336240;0
315;4;1;469665;6;89030;1696323336240;0
315;4;2;281835;5;56934;1696323336240;0
320;3;0;1127055;19;192490;1696323336372;0
320;3;1;469605;10;89521;1696323336372;0
320;3;2;281790;3;56875;1696323336372;0
325;3;0;1126170;21;193583;1696323336542;0
325;3;1;469245;6;89711;1696323336542;0
325;3;2;281565;4;57460;1696323336542;0
330;5;0;1130895;16;195070;1696323336697;0
330;5;1;471210;6;89832;1696323336697;0
330;5;2;282750;7;57713;1696323336697;0
335;9;0;1128840;18;194617;1696323336913;0
335;9;1;470355;6;90179;1696323336913;0
335;9;2;282240;6;57616;1696323336913;0
340;3;0;1124220;17;193356;1696323337108;0
340;3;1;468420;11;89848;1696323337108;0
340;3;2;281085;6;57285;1696323337108;0
345;4;0;1104345;18;187908;1696323337271;0
345;4;1;460140;8;87736;1696323337271;0
345;4;2;276120;6;55816;1696323337271;0
350;6;0;1067745;15;181462;1696323337426;0
350;6;1;444900;6;83469;1696323337426;0
350;6;2;266955;6;53209;1696323337426;0
355;6;0;983880;13;159769;1696323337606;0
355;6;1;409950;5;74419;1696323337606;0
355;6;2;246015;3;46972;1696323337606;0
360;4;0;957015;12;154118;1696323337715;0
360;4;1;398760;6;71372;1696323337715;0
360;4;2;239280;2;45642;1696323337715;0
365;4;0;960615;13;159608;1696323337826;0
365;4;1;400260;5;73483;1696323337826;0
365;4;2;240180;5;46580;1696323337826;0
370;4;0;951585;13;154423;1696323337938;0
370;4;1;396495;5;71038;1696323337938;0
370;4;2;237930;3;44975;1696323337938;0
375;5;0;946575;13;156252;1696323338042;0
375;5;1;394410;5;72532;1696323338042;0
375;5;2;236685;2;45874;1696323338042;0
380;7;0;943425;11;154703;1696323338149;0
380;7;1;393105;6;71379;1696323338149;0
380;7;2;235890;2;45379;1696323338149;0
385;8;0;939720;14;150659;1696323338249;0
385;8;1;391545;6;69526;1696323338249;0
385;8;2;234960;4;44843;1696323338249;0
390;9;0;942930;15;153131;1696323338373;0
390;9;1;392895;5;70531;1696323338373;0
390;9;2;235755;3;44440;1696323338373;0
395;15;0;947880;13;154274;1696323338473;0
395;15;1;394950;4;71678;1696323338473;0
395;15;2;237000;5;45298;1696323338473;0
400;15;0;945045;13;155285;1696323338586;0
400;15;1;393780;6;71971;1696323338586;0
400;15;2;236295;3;45235;1696323338586;0
405;32;0;949830;12;156039;1696323338757;0
405;32;1;395760;4;72522;1696323338757;0
405;32;2;237495;5;46262;1696323338757;0
410;8;0;956970;14;159199;1696323338882;0
410;8;1;398745;5;73871;1696323338882;0
410;8;2;239280;4;46694;1696323338882;0
415;9;0;957450;13;157574;1696323338985;0
415;9;1;398940;4;72389;1696323338985;0
415;9;2;239385;5;46488;1696323338985;0
420;20;0;961470;13;158025;1696323339089;0
420;20;1;400620;5;72215;1696323339089;0
420;20;2;240390;2;46623;1696323339089;0
425;13;0;964665;13;158572;1696323339193;0
425;13;1;401940;6;73368;1696323339193;0
425;13;2;241200;2;46900;1696323339193;0
430;23;0;979380;12;156879;1696323339289;0
430;23;1;408075;5;72364;1696323339289;0
430;23;2;244890;4;46083;1696323339289;0
435;11;0;1042305;14;117085;1696323339391;0
435;11;1;434295;6;54582;1696323339391;0
435;11;2;260610;3;34913;1696323339391;0
440;8;0;1483365;19;168216;1696323339550;0
440;8;1;618075;8;77759;1696323339550;0
440;8;2;370860;4;48897;1696323339550;0
445;7;0;1351245;15;165465;1696323339732;0
445;7;1;563025;6;76804;1696323339732;0
445;7;2;337830;6;49000;1696323339732;0
450;6;0;1322865;18;160848;1696323339862;0
450;6;1;551205;7;74487;1696323339862;0
450;6;2;330750;6;47794;1696323339862;0
455;8;0;1299135;15;164095;1696323340032;0
455;8;1;541305;5;75477;1696323340032;0
455;8;2;324825;5;48475;1696323340032;0
460;7;0;1050270;13;147249;1696323340135;0
460;7;1;437610;5;67731;1696323340135;0
460;7;2;262605;2;43574;1696323340135;0
465;5;0;1000005;13;162983;1696323340247;0
465;5;1;416670;6;75171;1696323340247;0
465;5;2;250035;3;47952;1696323340247;0
470;5;0;1002105;17;162779;1696323340348;0
470;5;1;417555;5;75469;1696323340348;0
470;5;2;250560;4;48073;1696323340348;0
475;2;0;964995;11;161728;1696323340498;0
475;2;1;402090;4;75158;1696323340498;0
475;2;2;241275;4;47858;1696323340498;0
480;4;0;960465;13;162323;1696323340609;0
480;4;1;400200;8;75212;1696323340609;0
480;4;2;240150;2;47654;1696323340609;0
485;5;0;962505;12;163694;1696323340718;0
485;5;1;401055;6;75347;1696323340718;0
485;5;2;240660;2;47648;1696323340718;0
490;5;0;963405;11;162644;1696323340826;0
490;5;1;401430;4;75484;1696323340826;0
490;5;2;240885;4;48110;1696323340826;0
495;3;0;966780;13;163274;1696323340934;0
495;3;1;402825;6;75556;1696323340934;0
495;3;2;241740;5;47925;1696323340934;0
500;2;0;964320;12;163190;1696323341043;0
500;2;1;401805;5;75433;1696323341043;0
500;2;2;241110;5;47722;1696323341043;0
505;4;0;966210;12;163456;1696323341139;0
505;4;1;402585;5;75793;1696323341139;0
505;4;2;241590;5;47975;1696323341139;0
510;5;0;966585;13;163061;1696323341244;0
510;5;1;402750;4;75871;1696323341244;0
510;5;2;241665;3;47779;1696323341244;0
515;4;0;963630;11;163674;1696323341338;0
515;4;1;401520;4;75998;1696323341338;0
515;4;2;240930;4;48221;1696323341338;0
520;4;0;967020;14;164028;1696323341448;0
520;4;1;402930;5;75695;1696323341448;0
520;4;2;241785;3;48222;1696323341448;0
525;2;0;985215;16;166534;1696323341573;0
525;2;1;410505;5;76483;1696323341573;0
525;2;2;246330;3;48953;1696323341573;0
530;4;0;1155135;18;190909;1696323341700;0
530;4;1;481305;6;88606;1696323341700;0
530;4;2;288825;3;56429;1696323341700;0
535;9;0;1127055;24;192230;1696323341870;0
535;9;1;469605;9;89318;1696323341870;0
535;9;2;281790;7;57192;1696323341870;0
540;3;0;1126290;23;192544;1696323342045;0
540;3;1;469290;13;89272;1696323342045;0
540;3;2;281610;8;57022;1696323342045;0
545;6;0;1142130;22;194278;1696323342256;0
545;6;1;475890;13;90239;1696323342256;0
545;6;2;285555;4;56936;1696323342256;0
550;6;0;1133640;16;191073;1696323342412;0
550;6;1;472350;10;89249;1696323342412;0
550;6;2;283455;3;56384;1696323342412;0
555;7;0;1126245;14;190549;1696323342525;0
555;7;1;469275;6;87735;1696323342525;0
555;7;2;281580;5;55926;1696323342525;0
560;5;0;1111305;14;189535;1696323342648;0
560;5;1;463050;5;87956;1696323342648;0
560;5;2;277845;5;55558;1696323342648;0
565;7;0;1147050;16;190457;1696323342753;0
565;7;1;477945;6;88127;1696323342753;0
565;7;2;286785;3;55807;1696323342753;0
570;5;0;1116810;13;170507;1696323342849;0
570;5;1;465345;7;79924;1696323342849;0
570;5;2;279240;3;50935;1696323342849;0
575;3;0;1002195;14;160612;1696323342951;0
575;3;1;417585;8;75017;1696323342951;0
575;3;2;250575;5;47424;1696323342951;0
580;2;0;989220;13;158168;1696323343058;0
580;2;1;412185;5;73807;1696323343058;0
580;2;2;247335;5;46913;1696323343058;0
585;6;0;984420;14;158938;1696323343166;0
585;6;1;410175;5;74206;1696323343166;0
585;6;2;246150;5;46681;1696323343166;0
590;5;0;1032210;17;170208;1696323343288;0
590;5;1;430095;6;78472;1696323343288;0
590;5;2;258075;3;50483;1696323343288;0
595;6;0;1072380;16;178622;1696323343396;0
595;6;1;446820;6;82818;1696323343396;0
595;6;2;268125;6;52788;1696323343396;0
600;5;0;1069965;17;180980;1696323343519;0
600;5;1;445815;6;84007;1696323343519;0
600;5;2;267525;3;53482;1696323343519;0
605;6;0;1049415;15;177490;1696323343671;0
605;6;1;437265;7;82463;1696323343671;0
605;6;2;262380;3;52275;1696323343671;0
610;2;0;1043010;17;176611;1696323343847;0
610;2;1;434595;6;81804;1696323343847;0
610;2;2;260790;3;51914;1696323343847;0
615;2;0;1050210;21;179148;1696323344020;0
615;2;1;437595;9;83078;1696323344020;0
615;2;2;262575;6;52899;1696323344020;0
620;2;0;1050285;19;179328;1696323344207;0
620;2;1;437625;9;82593;1696323344207;0
620;2;2;262590;4;52972;1696323344207;0
625;4;0;1010340;17;167105;1696323344367;0
625;4;1;420975;7;77097;1696323344367;0
625;4;2;252615;6;49184;1696323344367;0
630;9;0;975525;15;157179;1696323344537;0
630;9;1;406470;10;72829;1696323344537;0
630;9;2;243915;6;46496;1696323344537;0
635;17;0;959505;14;158125;1696323344659;0
635;17;1;399795;5;73349;1696323344659;0
635;17;2;239910;6;46827;1696323344659;0
640;5;0;964425;15;159503;1696323344758;0
640;5;1;401850;6;74053;1696323344758;0
640;5;2;241140;3;47199;1696323344758;0
645;3;0;967545;17;161125;1696323344868;0
645;3;1;403140;6;73589;1696323344868;0
645;3;2;241920;3;46783;1696323344868;0
650;20;0;951735;14;156543;1696323344991;0
650;20;1;396555;6;72131;1696323344991;0
650;20;2;237975;4;46138;1696323344991;0
655;5;0;943065;12;155220;1696323345092;0
655;5;1;392940;5;71647;1696323345092;0
655;5;2;235800;4;45630;1696323345092;0
660;16;0;939165;14;155779;1696323345191;0
660;16;1;391320;5;71945;1696323345191;0
660;16;2;234825;3;45983;1696323345191;0
665;4;0;935715;13;154354;1696323345294;0
665;4;1;389880;7;71025;1696323345294;0
665;4;2;233955;3;45147;1696323345294;0
670;3;0;944955;15;157371;1696323345407;0
670;3;1;393735;7;72601;1696323345407;0
670;3;2;236265;5;46266;1696323345407;0
675;7;0;968700;13;157629;1696323345515;0
675;7;1;403620;7;72950;1696323345515;0
675;7;2;242205;4;46363;1696323345515;0
680;5;0;953580;13;153316;1696323345634;0
680;5;1;397320;5;71264;1696323345634;0
680;5;2;238425;5;45279;1696323345634;0
685;5;0;951030;12;153017;1696323345771;0
685;5;1;396270;4;70768;1696323345771;0
685;5;2;237795;5;44938;1696323345771;0
690;3;0;948315;14;152351;1696323345871;0
690;3;1;395130;5;70027;1696323345871;0
690;3;2;237105;5;45151;1696323345871;0
695;4;0;959670;14;154385;1696323345992;0
695;4;1;399870;7;71583;1696323345992;0
695;4;2;239955;5;45580;1696323345992;0
700;7;0;954495;14;153207;1696323346127;0
700;7;1;397710;5;71483;1696323346127;0
700;7;2;238665;3;45080;1696323346127;0
705;5;0;990585;12;160187;1696323346233;0
705;5;1;412740;6;74374;1696323346233;0
705;5;2;247680;3;46610;1696323346233;0
710;11;0;1000800;12;162750;1696323346349;0
710;11;1;417000;5;75286;1696323346349;0
710;11;2;250245;5;48228;1696323346349;0
715;7;0;1008885;12;162156;1696323346456;0
715;7;1;420375;6;75803;1696323346456;0
715;7;2;252240;3;48171;1696323346456;0
720;12;0;1024890;14;166662;1696323346568;0
720;12;1;427035;7;76912;1696323346568;0
720;12;2;256260;4;48732;1696323346568;0
725;11;0;1016940;14;165895;1696323346681;0
725;11;1;423735;5;76689;1696323346681;0
725;11;2;254265;3;49118;1696323346681;0
730;25;0;1014645;16;166281;1696323346790;0
730;25;1;422775;6;76907;1696323346790;0
730;25;2;253695;3;48903;1696323346790;0
735;4;0;1014150;13;165504;1696323346899;0
735;4;1;422565;5;77230;1696323346899;0
735;4;2;253575;5;48860;1696323346899;0
740;6;0;1042170;13;174132;1696323347006;0
740;6;1;434235;5;80501;1696323347006;0
740;6;2;260580;5;51137;1696323347006;0
745;5;0;1049715;13;173167;1696323347116;0
745;5;1;437385;5;80035;1696323347116;0
745;5;2;262470;4;50803;1696323347116;0
750;11;0;1054245;15;173150;1696323347225;0
750;11;1;439275;8;79592;1696323347225;0
750;11;2;263580;5;50694;1696323347225;0
755;11;0;1032750;14;165726;1696323347334;0
755;11;1;430320;8;76756;1696323347334;0
755;11;2;258225;5;48953;1696323347334;0
760;23;0;975270;11;154853;1696323347454;0
760;23;1;406365;6;71325;1696323347454;0
760;23;2;243855;2;45728;1696323347454;0
765;20;0;958590;12;153026;1696323347578;0
765;20;1;399420;4;71099;1696323347578;0
765;20;2;239685;4;45102;1696323347578;0
770;4;0;960690;10;153218;1696323347695;0
770;4;1;400290;4;71935;1696323347695;0
770;4;2;240195;4;44917;1696323347695;0
775;3;0;951360;11;152229;1696323347797;0
775;3;1;396405;5;70028;1696323347797;0
775;3;2;237870;2;44689;1696323347797;0
780;4;0;944520;11;152993;1696323347897;0
780;4;1;393555;6;71266;1696323347897;0
780;4;2;236160;2;45280;1696323347897;0
785;4;0;950955;21;154576;1696323348025;0
785;4;1;396240;7;71429;1696323348025;0
785;4;2;237765;4;45324;1696323348025;0
790;5;0;952140;14;156745;1696323348151;0
790;5;1;396720;5;72061;1696323348151;0
790;5;2;238065;6;46084;1696323348151;0
795;2;0;953415;12;153021;1696323348256;0
795;2;1;397260;5;70235;1696323348256;0
795;2;2;238395;5;45120;1696323348256;0
800;4;0;968490;12;154709;1696323348356;0
800;4;1;403545;4;71278;1696323348356;0
800;4;2;242145;5;46069;1696323348356;0
805;5;0;947025;12;158373;1696323348456;0
805;5;1;394605;4;73100;1696323348456;0
805;5;2;236790;4;46519;1696323348456;0
810;7;0;949785;13;159361;1696323348561;0
810;7;1;395745;6;73691;1696323348561;0
810;7;2;237480;2;47067;1696323348561;0
815;2;0;953625;11;160277;1696323348660;0
815;2;1;397350;4;73730;1696323348660;0
815;2;2;238425;4;46947;1696323348660;0
820;3;0;959175;13;158745;1696323348820;0
820;3;1;399660;7;73572;1696323348820;0
820;3;2;239820;3;46835;1696323348820;0
825;2;0;990105;14;162462;1696323348921;0
825;2;1;412545;5;75207;1696323348921;0
825;2;2;247560;2;47747;1696323348921;0
830;3;0;1005435;15;168295;1696323349018;0
830;3;1;418935;8;77948;1696323349018;0
830;3;2;251385;5;49291;1696323349018;0
835;6;0;1052730;14;176775;1696323349154;0
835;6;1;438645;5;81798;1696323349154;0
835;6;2;263205;5;52060;1696323349154;0
840;6;0;1146180;14;193876;1696323349286;0
840;6;1;477570;5;88975;1696323349286;0
840;6;2;286575;5;57160;1696323349286;0
845;7;0;1120815;15;193239;1696323349403;0
845;7;1;467010;6;89233;1696323349403;0
845;7;2;280230;3;57320;1696323349403;0
850;3;0;1114935;14;193465;1696323349504;0
850;3;1;464565;5;89232;1696323349504;0
850;3;2;278760;5;56363;1696323349504;0
855;5;0;1117815;21;194534;1696323349646;0
855;5;1;465765;8;89739;1696323349646;0
855;5;2;279480;3;57162;1696323349646;0
860;6;0;1126515;14;195173;1696323349793;0
860;6;1;469380;5;90309;1696323349793;0
860;6;2;281655;5;57478;1696323349793;0
865;7;0;1124625;14;195764;1696323349908;0
865;7;1;468600;6;90015;1696323349908;0
865;7;2;281190;5;57332;1696323349908;0
870;5;0;1119480;13;192328;1696323350021;0
870;5;1;466455;6;88958;1696323350021;0
870;5;2;279900;3;56355;1696323350021;0
875;6;0;1137435;15;190525;1696323350141;0
875;6;1;473940;7;88040;1696323350141;0
875;6;2;284385;3;55421;1696323350141;0
880;6;0;1141005;13;180864;1696323350255;0
880;6;1;475425;6;83453;1696323350255;0
880;6;2;285270;3;53647;1696323350255;0
885;6;0;1147095;15;170326;1696323350357;0
885;6;1;477960;7;79702;1696323350357;0
885;6;2;286800;6;50415;1696323350357;0
890;6;0;1155225;18;173867;1696323350477;0
890;6;1;481350;7;80677;1696323350477;0
890;6;2;288840;5;51743;1696323350477;0
895;6;0;1019790;12;137608;1696323350591;0
895;6;1;424920;4;64424;1696323350591;0
895;6;2;254970;5;41539;1696323350591;0
900;3;0;951765;12;155547;1696323350690;0
900;3;1;396570;6;72433;1696323350690;0
900;3;2;237975;2;45771;1696323350690;0
905;4;0;965295;12;161965;1696323350804;0
905;4;1;402210;4;73888;1696323350804;0
905;4;2;241350;5;47465;1696323350804;0
910;5;0;976410;11;162696;1696323350902;0
910;5;1;406845;6;75759;1696323350902;0
910;5;2;244140;2;47950;1696323350902;0
915;4;0;974790;11;162348;1696323350996;0
915;4;1;406170;4;75089;1696323350996;0
915;4;2;243735;4;48249;1696323350996;0
920;4;0;976485;12;163112;1696323351094;0
920;4;1;406875;4;74780;1696323351094;0
920;4;2;244140;2;47771;1696323351094;0
925;2;0;969435;11;161366;1696323351191;0
925;2;1;403935;4;74527;1696323351191;0
925;2;2;242385;5;47891;1696323351191;0
930;4;0;964710;10;156928;1696323351283;0
930;4;1;401970;4;72792;1696323351283;0
930;4;2;241200;4;46754;1696323351283;0
935;7;0;961110;14;156878;1696323351385;0
935;7;1;400470;5;72055;1696323351385;0
935;7;2;240300;3;46154;1696323351385;0
940;6;0;959430;12;156252;1696323351480;0
940;6;1;399765;4;72408;1696323351480;0
940;6;2;239880;5;46027;1696323351480;0
945;2;0;960660;12;155351;1696323351577;0
945;2;1;400275;6;71908;1696323351577;0
945;2;2;240210;2;45695;1696323351577;0
950;2;0;965280;14;157087;1696323351678;0
950;2;1;402195;8;72894;1696323351678;0
950;2;2;241350;3;45822;1696323351678;0
955;5;0;963315;17;156192;1696323351780;0
955;5;1;401385;7;72378;1696323351780;0
955;5;2;240855;5;46067;1696323351780;0
960;2;0;965655;14;158241;1696323351877;0
960;2;1;402360;8;73050;1696323351877;0
960;2;2;241455;3;46217;1696323351877;0
965;2;0;963285;14;155835;1696323351976;0
965;2;1;401370;8;72290;1696323351976;0
965;2;2;240855;4;45773;1696323351976;0
970;2;0;964260;13;156055;1696323352072;0
970;2;1;401775;5;72226;1696323352072;0
970;2;2;241110;4;45820;1696323352072;0
975;1;0;959760;12;156242;1696323352167;0
975;1;1;399900;7;71764;1696323352167;0
975;1;2;239970;4;45701;1696323352167;0
980;3;0;961605;13;155555;1696323352266;0
980;3;1;400665;4;72408;1696323352266;0
980;3;2;240435;2;45967;1696323352266;0
985;2;0;965700;14;157120;1696323352364;0
985;2;1;402375;5;72902;1696323352364;0
985;2;2;241455;4;46358;1696323352364;0
990;2;0;963720;16;157104;1696323352461;0
990;2;1;401550;8;72472;1696323352461;0
990;2;2;240960;5;46475;1696323352461;0
995;2;0;965325;12;158408;1696323352555;0
995;2;1;402225;4;72824;1696323352555;0
995;2;2;241365;5;46597;1696323352555;0
1000;2;0;962160;12;160067;1696323352695;0
1000;2;1;400905;6;73970;1696323352695;0
1000;2;2;240570;3;47216;1696323352695;0
1005;1;0;964605;14;161786;1696323352789;0
1005;1;1;401925;5;74705;1696323352789;0
1005;1;2;241185;2;47789;1696323352789;0
1010;3;0;961005;11;160092;1696323352883;0
1010;3;1;400425;4;74116;1696323352883;0
1010;3;2;240270;4;47436;1696323352883;0
1015;2;0;961050;11;161549;1696323352982;0
1015;2;1;400440;4;74198;1696323352982;0
1015;2;2;240285;4;47492;1696323352982;0
1020;2;0;965505;12;162391;1696323353079;0
1020;2;1;402300;4;74889;1696323353079;0
1020;2;2;241410;2;47913;1696323353079;0
1025;2;0;962850;11;160434;1696323353174;0
1025;2;1;401190;4;74284;1696323353174;0
1025;2;2;240735;5;47158;1696323353174;0
1030;1;0;962130;12;154592;1696323353273;0
1030;1;1;400890;6;72144;1696323353273;0
1030;1;2;240570;4;45640;1696323353273;0
1035;1;0;960705;15;152084;1696323353376;0
1035;1;1;400305;8;69878;1696323353376;0
1035;1;2;240210;4;45082;1696323353376;0
1040;2;0;946155;13;149299;1696323353470;0
1040;2;1;394230;5;69140;1696323353470;0
1040;2;2;236565;2;44120;1696323353470;0
1045;1;0;940680;12;145756;1696323353566;0
1045;1;1;391950;5;67736;1696323353566;0
1045;1;2;235215;2;42944;1696323353566;0
1050;3;0;979875;11;158374;1696323353665;0
1050;3;1;408285;4;73542;1696323353665;0
1050;3;2;245010;4;46385;1696323353665;0
1055;2;0;975825;11;158398;1696323353764;0
1055;2;1;406590;4;73467;1696323353764;0
1055;2;2;243990;4;47088;1696323353764;0
1060;2;0;968625;11;156480;1696323353858;0
1060;2;1;403590;4;72500;1696323353858;0
1060;2;2;242190;4;46144;1696323353858;0
1065;2;0;965835;10;155558;1696323353960;0
1065;2;1;402435;5;71198;1696323353960;0
1065;2;2;241485;2;45645;1696323353960;0
1070;2;0;963630;11;155362;1696323354055;0
1070;2;1;401520;5;72107;1696323354055;0
1070;2;2;240930;4;45721;1696323354055;0
1075;1;0;944100;12;154566;1696323354157;0
1075;1;1;393375;5;71152;1696323354157;0
1075;1;2;236070;2;45613;1696323354157;0
1080;1;0;957690;11;163243;1696323354250;0
1080;1;1;399045;5;75477;1696323354250;0
1080;1;2;239460;2;47908;1696323354250;0
1085;1;0;968790;12;165062;1696323354348;0
1085;1;1;403665;4;75865;1696323354348;0
1085;1;2;242235;5;48185;1696323354348;0
1090;2;0;961035;12;162962;1696323354443;0
1090;2;1;400440;7;75451;1696323354443;0
1090;2;2;240285;4;48178;1696323354443;0
1095;1;0;961770;13;162935;1696323354545;0
1095;1;1;400740;7;75582;1696323354545;0
1095;1;2;240480;4;48306;1696323354545;0
1100;1;0;961200;16;163485;1696323354649;0
1100;1;1;400500;6;75484;1696323354649;0
1100;1;2;240345;3;48459;1696323354649;0
1105;2;0;962625;11;163952;1696323354775;0
1105;2;1;401100;6;75805;1696323354775;0
1105;2;2;240675;2;47876;1696323354775;0
1110;2;0;960480;12;163524;1696323354873;0
1110;2;1;400200;4;75425;1696323354873;0
1110;2;2;240165;4;48265;1696323354873;0
1115;2;0;960420;11;163726;1696323354964;0
1115;2;1;400185;4;75593;1696323354964;0
1115;2;2;240135;4;47991;1696323354964;0
1120;2;0;960120;11;162833;1696323355059;0
1120;2;1;400050;4;75295;1696323355059;0
1120;2;2;240075;4;47893;1696323355059;0
1125;2;0;960060;12;163364;1696323355161;0
1125;2;1;400020;5;76270;1696323355161;0
1125;2;2;240045;5;47749;1696323355161;0
1130;3;0;961725;12;164367;1696323355260;0
1130;3;1;400725;5;76321;1696323355260;0
1130;3;2;240450;4;48418;1696323355260;0
1135;2;0;959835;12;162862;1696323355355;0
1135;2;1;399930;4;75085;1696323355355;0
1135;2;2;240000;5;48511;1696323355355;0
1140;2;0;959805;11;163629;1696323355450;0
1140;2;1;399915;4;75359;1696323355450;0
1140;2;2;239985;4;48169;1696323355450;0
1145;1;0;962460;10;163811;1696323355550;0
1145;1;1;401025;6;76150;1696323355550;0
1145;1;2;240660;2;48162;1696323355550;0
1150;1;0;960300;18;163846;1696323355672;0
1150;1;1;400125;7;75392;1696323355672;0
1150;1;2;240105;3;48146;1696323355672;0
1155;2;0;959010;11;161598;1696323355797;0
1155;2;1;399585;4;74945;1696323355797;0
1155;2;2;239790;4;47917;1696323355797;0
1160;2;0;958740;11;160124;1696323355890;0
1160;2;1;399480;5;73233;1696323355890;0
1160;2;2;239715;2;47058;1696323355890;0
1165;3;0;1006875;13;160029;1696323355991;0
1165;3;1;419535;5;73914;1696323355991;0
1165;3;2;251745;3;46670;1696323355991;0
1170;2;0;999270;11;153397;1696323356083;0
1170;2;1;416370;4;71514;1696323356083;0
1170;2;2;249840;2;45110;1696323356083;0
1175;2;0;981270;12;152259;1696323356180;0
1175;2;1;408870;4;70360;1696323356180;0
1175;2;2;245340;2;45068;1696323356180;0
1180;2;0;977520;10;151645;1696323356272;0
1180;2;1;407310;4;70222;1696323356272;0
1180;2;2;244410;4;44254;1696323356272;0
1185;2;0;981525;13;151866;1696323356374;0
1185;2;1;408975;6;70574;1696323356374;0
1185;2;2;245400;3;44914;1696323356374;0
1190;2;0;969570;12;151391;1696323356468;0
1190;2;1;403995;4;70635;1696323356468;0
1190;2;2;242430;5;44948;1696323356468;0
1195;2;0;972315;12;157845;1696323356568;0
1195;2;1;405135;4;73479;1696323356568;0
1195;2;2;243120;2;46046;1696323356568;0
1200;1;0;970095;11;161450;1696323356660;0
1200;1;1;404205;4;74912;1696323356660;0
1200;1;2;242565;4;47606;1696323356660;0
1205;3;0;970020;11;163979;1696323356758;0
1205;3;1;404175;4;75527;1696323356758;0
1205;3;2;242550;4;47971;1696323356758;0
1210;2;0;977700;16;162397;1696323356877;0
1210;2;1;407370;5;75318;1696323356877;0
1210;2;2;244455;4;47710;1696323356877;0
1215;2;0;1007745;13;165368;1696323356969;0
1215;2;1;419895;5;76960;1696323356969;0
1215;2;2;251970;5;48500;1696323356969;0
1220;2;0;1010265;14;170917;1696323357089;0
1220;2;1;420945;5;79212;1696323357089;0
1220;2;2;252600;3;50285;1696323357089;0
1225;1;0;990810;15;170156;1696323357206;0
1225;1;1;412845;6;78453;1696323357206;0
1225;1;2;247725;7;49748;1696323357206;0
1230;1;0;993105;15;172062;1696323357301;0
1230;1;1;413805;5;79175;1696323357301;0
1230;1;2;248310;4;50430;1696323357301;0
1235;1;0;996690;16;171380;1696323357420;0
1235;1;1;415290;7;78838;1696323357420;0
1235;1;2;249195;5;50227;1696323357420;0
1240;2;0;996660;13;172659;1696323357537;0
1240;2;1;415275;6;79422;1696323357537;0
1240;2;2;249195;3;50445;1696323357537;0
1245;1;0;990705;12;167960;1696323357647;0
1245;1;1;412800;4;77156;1696323357647;0
1245;1;2;247710;4;49508;1696323357647;0
1250;2;0;992595;12;168754;1696323357744;0
1250;2;1;413580;4;77817;1696323357744;0
1250;2;2;248190;4;49494;1696323357744;0
1255;3;0;993165;11;167141;1696323357844;0
1255;3;1;413820;4;77031;1696323357844;0
1255;3;2;248325;4;48684;1696323357844;0
1260;2;0;990795;12;168900;1696323357975;0
1260;2;1;412830;4;77609;1696323357975;0
1260;2;2;247725;4;49515;1696323357975;0
1265;2;0;988425;11;169619;1696323358072;0
1265;2;1;411855;4;78220;1696323358072;0
1265;2;2;247140;4;49588;1696323358072;0
1270;2;0;984930;11;168687;1696323358168;0
1270;2;1;410385;4;78349;1696323358168;0
1270;2;2;246270;4;49666;1696323358168;0
1275;1;0;964605;15;164566;1696323358273;0
1275;1;1;401925;8;76150;1696323358273;0
1275;1;2;241185;4;48545;1696323358273;0
1280;2;0;962625;14;163484;1696323358373;0
1280;2;1;401100;5;75352;1696323358373;0
1280;2;2;240675;3;47746;1696323358373;0
1285;1;0;966015;13;164446;1696323358485;0
1285;1;1;402510;5;76544;1696323358485;0
1285;1;2;241530;2;48634;1696323358485;0
1290;1;0;957090;12;161073;1696323358580;0
1290;1;1;398790;5;74282;1696323358580;0
1290;1;2;239310;5;47308;1696323358580;0
1295;2;0;949980;13;158243;1696323358679;0
1295;2;1;395835;5;73512;1696323358679;0
1295;2;2;237525;5;46683;1696323358679;0
1300;2;0;953640;12;156991;1696323358794;0
1300;2;1;397350;6;71823;1696323358794;0
1300;2;2;238440;2;46086;1696323358794;0
1305;1;0;947130;11;156021;1696323358893;0
1305;1;1;394635;4;71692;1696323358893;0
1305;1;2;236820;5;45713;1696323358893;0
1310;2;0;935310;11;155545;1696323359009;0
1310;2;1;389715;4;71768;1696323359009;0
1310;2;2;233850;4;45726;1696323359009;0
1315;2;0;918765;11;151739;1696323359102;0
1315;2;1;382815;4;70033;1696323359102;0
1315;2;2;229725;2;44197;1696323359102;0
1320;1;0;919740;10;150699;1696323359199;0
1320;1;1;383235;4;69824;1696323359199;0
1320;1;2;229965;4;43931;1696323359199;0
1325;2;0;914250;11;150572;1696323359292;0
1325;2;1;380940;4;69241;1696323359292;0
1325;2;2;228585;4;44130;1696323359292;0
1330;1;0;915525;13;151239;1696323359393;0
1330;1;1;381465;4;69910;1696323359393;0
1330;1;2;228915;4;44534;1696323359393;0
1335;1;0;913335;15;151050;1696323359496;0
1335;1;1;380565;7;69513;1696323359496;0
1335;1;2;228360;5;44421;1696323359496;0
1340;2;0;913545;12;150244;1696323359595;0
1340;2;1;380655;5;69610;1696323359595;0
1340;2;2;228420;5;44267;1696323359595;0
1345;1;0;916005;13;149967;1696323359695;0
1345;1;1;381675;5;69988;1696323359695;0
1345;1;2;229035;2;43907;1696323359695;0
1350;1;0;916005;11;151964;1696323359788;0
1350;1;1;381675;4;69936;1696323359788;0
1350;1;2;229020;4;44466;1696323359788;0
1355;1;0;924885;12;154658;1696323359885;0
1355;1;1;385365;6;70859;1696323359885;0
1355;1;2;231255;2;45246;1696323359885;0
1360;2;0;928680;13;156097;1696323359985;0
1360;2;1;386955;4;71835;1696323359985;0
1360;2;2;232200;2;45423;1696323359985;0
1365;1;0;931410;13;153726;1696323360087;0
1365;1;1;388095;4;71032;1696323360087;0
1365;1;2;232875;4;45114;1696323360087;0
1370;2;0;933180;13;155496;1696323360189;0
1370;2;1;388830;5;71454;1696323360189;0
1370;2;2;233325;2;45256;1696323360189;0
1375;1;0;933750;12;154235;1696323360288;0
1375;1;1;389070;7;71215;1696323360288;0
1375;1;2;233475;3;45275;1696323360288;0
1380;1;0;930345;12;154339;1696323360406;0
1380;1;1;387645;4;71771;1696323360406;0
1380;1;2;232620;5;45261;1696323360406;0
1385;2;0;926220;12;154105;1696323360507;0
1385;2;1;385920;4;70653;1696323360507;0
1385;2;2;231585;5;45473;1696323360507;0
1390;2;0;913680;15;152188;1696323360608;0
1390;2;1;380700;6;69527;1696323360608;0
1390;2;2;228450;3;44605;1696323360608;0
1395;1;0;914940;15;149988;1696323360708;0
1395;1;1;381225;5;69170;1696323360708;0
1395;1;2;228765;5;44160;1696323360708;0
1400;1;0;915060;13;150839;1696323360828;0
1400;1;1;381270;5;69570;1696323360828;0
1400;1;2;228795;6;44424;1696323360828;0
1405;1;0;912180;14;150073;1696323360943;0
1405;1;1;380085;5;69554;1696323360943;0
1405;1;2;228075;5;44415;1696323360943;0
1410;2;0;917625;12;151424;1696323361060;0
1410;2;1;382350;6;69695;1696323361060;0
1410;2;2;229440;3;45035;1696323361060;0
1415;2;0;929880;12;152849;1696323361160;0
1415;2;1;387450;4;70918;1696323361160;0
1415;2;2;232500;5;44942;1696323361160;0
1420;2;0;948585;11;154735;1696323361252;0
1420;2;1;395250;6;71440;1696323361252;0
1420;2;2;237165;2;45866;1696323361252;0
1425;1;0;946335;11;156102;1696323361352;0
1425;1;1;394305;4;72464;1696323361352;0
1425;1;2;236610;4;45870;1696323361352;0
1430;1;0;959820;11;155902;1696323361444;0
1430;1;1;399930;5;71928;1696323361444;0
1430;1;2;239985;4;45920;1696323361444;0
1435;2;0;978750;11;159952;1696323361546;0
1435;2;1;407820;4;74616;1696323361546;0
1435;2;2;244710;4;47456;1696323361546;0
1440;2;0;973410;13;161516;1696323361662;0
1440;2;1;405585;4;74382;1696323361662;0
1440;2;2;243390;5;47513;1696323361662;0
1445;1;0;969360;15;160357;1696323361764;0
1445;1;1;403905;7;74505;1696323361764;0
1445;1;2;242370;4;47270;1696323361764;0
1450;1;0;974220;12;162336;1696323361881;0
1450;1;1;405930;6;75204;1696323361881;0
1450;1;2;243585;3;47947;1696323361881;0
1455;2;0;975105;13;163291;1696323361978;0
1455;2;1;406290;4;75255;1696323361978;0
1455;2;2;243810;2;48196;1696323361978;0
1460;3;0;975015;17;163760;1696323362088;0
1460;3;1;406260;6;75532;1696323362088;0
1460;3;2;243780;5;48373;1696323362088;0
1465;2;0;977310;17;163639;1696323362210;0
1465;2;1;407220;8;75741;1696323362210;0
1465;2;2;244350;5;47799;1696323362210;0
1470;2;0;972765;14;163488;1696323362868;0
1470;2;1;405330;7;75916;1696323362868;0
1470;2;2;243225;4;47551;1696323362868;0
1475;2;0;972855;11;162413;1696323363082;0
1475;2;1;405360;6;74600;1696323363082;0
1475;2;2;243240;4;47803;1696323363082;0
1480;2;0;955260;11;156651;1696323363213;0
1480;2;1;398025;4;72197;1696323363213;0
1480;2;2;238845;3;45899;1696323363213;0
1485;2;0;947670;12;154758;1696323363315;0
1485;2;1;394860;4;71841;1696323363315;0
1485;2;2;236955;2;45454;1696323363315;0
1490;1;0;960195;12;157965;1696323363410;0
1490;1;1;400080;5;73561;1696323363410;0
1490;1;2;240090;5;46681;1696323363410;0
1495;1;0;967680;12;158866;1696323363508;0
1495;1;1;403200;5;73927;1696323363508;0
1495;1;2;241950;5;46607;1696323363508;0
1500;1;0;969120;12;159244;1696323363609;0
1500;1;1;403800;4;73913;1696323363609;0
1500;1;2;242325;5;47592;1696323363609;0
1505;1;0;970695;12;161264;1696323363703;0
1505;1;1;404460;4;74213;1696323363703;0
1505;1;2;242700;5;47651;1696323363703;0
1510;3;0;970470;17;160385;1696323363808;0
1510;3;1;404370;9;74231;1696323363808;0
1510;3;2;242655;6;47129;1696323363808;0
1515;2;0;962190;12;158711;1696323363904;0
1515;2;1;400920;6;73837;1696323363904;0
1515;2;2;240570;3;46472;1696323363904;0
1520;2;0;961740;11;159192;1696323364001;0
1520;2;1;400725;4;73297;1696323364001;0
1520;2;2;240465;5;46822;1696323364001;0
1525;2;0;961710;11;158925;1696323364096;0
1525;2;1;400710;6;73459;1696323364096;0
1525;2;2;240465;2;46586;1696323364096;0
1530;3;0;959820;11;158316;1696323364194;0
1530;3;1;399930;4;73483;1696323364194;0
1530;3;2;239985;4;46312;1696323364194;0
1535;2;0;961695;10;158455;1696323364293;0
1535;2;1;400710;4;73065;1696323364293;0
1535;2;2;240465;4;46191;1696323364293;0
1540;2;0;983730;16;160323;1696323364397;0
1540;2;1;409890;7;73655;1696323364397;0
1540;2;2;245970;5;47591;1696323364397;0
1545;2;0;1205175;16;163210;1696323364498;0
1545;2;1;502155;5;75487;1696323364498;0
1545;2;2;301320;3;48459;1696323364498;0
1550;5;0;1303815;16;161089;1696323364617;0
1550;5;1;543255;8;75358;1696323364617;0
1550;5;2;325980;3;47849;1696323364617;0
1555;3;0;1299495;13;159695;1696323364734;0
1555;3;1;541455;5;73046;1696323364734;0
1555;3;2;324900;5;47551;1696323364734;0
1560;3;0;1295505;23;165529;1696323364910;0
1560;3;1;539805;10;76710;1696323364910;0
1560;3;2;323910;3;48970;1696323364910;0
1565;3;0;1605000;21;164757;1696323365374;0
1565;3;1;668760;7;75877;1696323365374;0
1565;3;2;401280;5;48639;1696323365374;0
1570;2;0;1085790;13;162256;1696323365538;0
1570;2;1;452415;6;74954;1696323365538;0
1570;2;2;271485;3;47138;1696323365538;0
1575;3;0;1010325;13;161540;1696323365659;0
1575;3;1;420975;6;74800;1696323365659;0
1575;3;2;252600;3;47794;1696323365659;0
1580;3;0;1008840;11;161606;1696323365798;0
1580;3;1;420360;4;74643;1696323365798;0
1580;3;2;252240;4;47745;1696323365798;0
